;
Eidgenössische Volksabstimmung vom 24.11.2013;
Votation populaire fédérale du 24.11.2013;
;
;
Etat de Fribourg;;;;;;;Initiative populaire "1:12-Pour des salaires équitables";;; ;
Staat Freiburg;;;;;;;Volksinitiative "1:12-Für gerechte Löhne";;; ;
District;Electeurs;Bull. Rent.;Bull. blancs;Bull. nuls;Bull. val.;Participat.;Oui;Non;Oui;Non ;
Bezirk;Stimmber.;eing. Stzt.;leere Stzt.;ung. Stzt.;gültige Stzt.;Stimmbet.;Ja;Nein;Ja;Nein;
;
Sarine/Saane;59'370;32'345;466;102;31'777;54.48%;13'052;18'725;41.07%;58.93% ;
Sense/Singine;31'339;16'229;87;22;16'120;51.79%;6'015;10'105;37.31%;62.69% ;
Gruyère/Greyerz;30'165;15'577;194;84;15'299;51.64%;5'244;10'055;34.28%;65.72% ;
See/Lac;22'301;12'199;92;18;12'089;54.70%;4'176;7'913;34.54%;65.46% ;
Glâne/Glane;14'266;7'314;81;34;7'199;51.27%;2'722;4'477;37.81%;62.19% ;
Broye/Broye;18'817;10'193;98;52;10'043;54.17%;3'877;6'166;38.60%;61.40% ;
Veveyse/Vivisbach;10'669;5'527;87;40;5'400;51.80%;2'036;3'364;37.70%;62.30% ;
Suisses et Suissesses de l'étranger/AuslandschweizerInnen;4'352;1'638;22;0;1'616;37.64%;821;795;50.80%;49.20% ;
Total;191'279;101'022;1'127;352;99'543;52.81%;37'943;61'600;38.12%;61.88% ;
;
;
Etat de Fribourg;;;;;;;Initiative populaire "Initiative pour les familles: déductions fiscales aussi pour les parents qui gardent eux-mêmes leurs enfants";;; ;
Staat Freiburg;;;;;;;Volksinitiative "Familieninitiative: Steuerabzüge auch für Eltern, die ihre Kinder selber betreuen";;; ;
District;Electeurs;Bull. Rent.;Bull. blancs;Bull. nuls;Bull. val.;Participat.;Oui;Non;Oui;Non ;
Bezirk;Stimmber.;eing. Stzt.;leere Stzt.;ung. Stzt.;gültige Stzt.;Stimmbet.;Ja;Nein;Ja;Nein;
;
Sarine/Saane;59'370;32'330;525;111;31'694;54.46%;10'914;20'780;34.44%;65.56% ;
Sense/Singine;31'339;16'237;140;25;16'072;51.81%;7'585;8'487;47.19%;52.81% ;
Gruyère/Greyerz;30'165;15'969;212;91;15'666;52.94%;6'409;9'257;40.91%;59.09% ;
See/Lac;22'301;12'191;106;22;12'063;54.67%;5'277;6'786;43.75%;56.25% ;
Glâne/Glane;14'266;7'324;109;32;7'183;51.34%;3'190;3'993;44.41%;55.59% ;
Broye/Broye;18'817;10'160;115;61;9'984;53.99%;4'239;5'745;42.46%;57.54% ;
Veveyse/Vivisbach;10'669;5'552;98;31;5'423;52.04%;2'128;3'295;39.24%;60.76% ;
Suisses et Suissesses de l'étranger/AuslandschweizerInnen;4'352;1'638;34;1;1'603;37.64%;703;900;43.86%;56.14% ;
Total;191'279;101'401;1'339;374;99'688;53.01%;40'445;59'243;40.57%;59.43% ;
;
;
Etat de Fribourg;;;;;;;Modification de la loi sur la vignette autoroutière;;; ;
Staat Freiburg;;;;;;;Änderung des Nationalstrassenabgabegesetzes (Autobahnvignette);;; ;
District;Electeurs;Bull. Rent.;Bull. blancs;Bull. nuls;Bull. val.;Participat.;Oui;Non;Oui;Non ;
Bezirk;Stimmber.;eing. Stzt.;leere Stzt.;ung. Stzt.;gültige Stzt.;Stimmbet.;Ja;Nein;Ja;Nein;
;
Sarine/Saane;59'370;32'395;430;156;31'809;54.56%;10'773;21'036;33.87%;66.13% ;
Sense/Singine;31'339;16'258;71;28;16'159;51.88%;5'083;11'076;31.46%;68.54% ;
Gruyère/Greyerz;30'165;15'819;133;86;15'600;52.44%;4'256;11'344;27.28%;72.72% ;
See/Lac;22'301;12'215;68;19;12'128;54.77%;4'191;7'937;34.56%;65.44% ;
Glâne/Glane;14'266;7'345;48;19;7'278;51.49%;1'796;5'482;24.68%;75.32% ;
Broye/Broye;18'817;10'201;62;44;10'095;54.21%;2'433;7'662;24.10%;75.90% ;
Veveyse/Vivisbach;10'669;5'568;42;31;5'495;52.19%;1'391;4'104;25.31%;74.69% ;
Suisses et Suissesses de l'étranger/AuslandschweizerInnen;4'352;1'638;15;0;1'623;37.64%;705;918;43.44%;56.56% ;
Total;191'279;101'439;869;383;100'187;53.03%;30'628;69'559;30.57%;69.43% ;
;
;
District de : Sarine/Saane;;;;;;;Initiative populaire "1:12-Pour des salaires équitables";;; ;
Bezirk Sarine/Saane;;;;;;;Volksinitiative "1:12-Für gerechte Löhne";;; ;
Commune;Electeurs;Bull. Rent.;Bull. blancs;Bull. nuls;Bull. val.;Participat.;Oui;Non;Oui;Non ;
Gemeinde;Stimmber.;eing. Stzt.;leere Stzt.;ung. Stzt.;gültige Stzt.;Stimmbet.;Ja;Nein;Ja;Nein;
;
Arconciel;553;321;8;0;313;58.05%;133;180;42.49%;57.51% ;
Autafond;53;36;0;0;36;67.92%;5;31;13.89%;86.11% ;
Autigny;534;283;5;1;277;53.00%;88;189;31.77%;68.23% ;
Avry;1'187;696;8;0;688;58.64%;259;429;37.65%;62.35% ;
Belfaux;1'710;892;13;1;878;52.16%;333;545;37.93%;62.07% ;
Chénens;464;220;5;0;215;47.41%;90;125;41.86%;58.14% ;
Chésopelloz;88;40;0;0;40;45.45%;13;27;32.50%;67.50% ;
Corminboeuf;1'539;982;10;9;963;63.81%;321;642;33.33%;66.67% ;
Corpataux-Magnedens;808;457;1;9;447;56.56%;199;248;44.52%;55.48% ;
Corserey;263;147;6;0;141;55.89%;56;85;39.72%;60.28% ;
Cottens;870;500;2;0;498;57.47%;176;322;35.34%;64.66% ;
Ependes;755;440;2;0;438;58.28%;171;267;39.04%;60.96% ;
Farvagny;1'406;692;9;0;683;49.22%;302;381;44.22%;55.78% ;
Ferpicloz;194;101;0;0;101;52.06%;32;69;31.68%;68.32% ;
Fribourg/Freiburg;20'052;10'745;216;2;10'527;53.59%;4'988;5'539;47.38%;52.62% ;
Givisiez;1'686;879;11;2;866;52.14%;336;530;38.80%;61.20% ;
Granges-Paccot;1'710;747;7;0;740;43.68%;306;434;41.35%;58.65% ;
Grolley;1'189;654;18;0;636;55.00%;223;413;35.06%;64.94% ;
Hauterive;1'537;838;8;6;824;54.52%;319;505;38.71%;61.29% ;
La Brillaz;1'199;625;9;0;616;52.13%;234;382;37.99%;62.01% ;
La Sonnaz;693;376;4;0;372;54.26%;147;225;39.52%;60.48% ;
Le Glèbe;814;551;10;0;541;67.69%;208;333;38.45%;61.55% ;
Le Mouret;2'097;1'025;16;1;1'008;48.88%;374;634;37.10%;62.90% ;
Marly;4'773;2'633;22;5;2'606;55.16%;1'007;1'599;38.64%;61.36% ;
Matran;1'019;541;4;1;536;53.09%;171;365;31.90%;68.10% ;
Neyruz;1'535;911;9;4;898;59.35%;302;596;33.63%;66.37% ;
Noréaz;424;233;4;6;223;54.95%;66;157;29.60%;70.40% ;
Pierrafortscha;99;55;1;0;54;55.56%;23;31;42.59%;57.41% ;
Ponthaux;465;220;3;0;217;47.31%;82;135;37.79%;62.21% ;
Prez-vers-Noréaz;644;331;7;0;324;51.40%;133;191;41.05%;58.95% ;
Rossens;869;536;7;3;526;61.68%;195;331;37.07%;62.93% ;
Senèdes;108;74;0;0;74;68.52%;31;43;41.89%;58.11% ;
Treyvaux;991;597;8;5;584;60.24%;191;393;32.71%;67.29% ;
Villarsel-sur-Marly;54;43;0;0;43;79.63%;10;33;23.26%;76.74% ;
Villars-sur-Glâne;6'442;3'637;33;47;3'557;56.46%;1'385;2'172;38.94%;61.06% ;
Vuisternens-en-Ogoz;546;287;0;0;287;52.56%;143;144;49.83%;50.17% ;
Total;59'370;32'345;466;102;31'777;54.48%;13'052;18'725;41.07%;58.93% ;
;
;
District de : Sarine/Saane;;;;;;;Initiative populaire "Initiative pour les familles: déductions fiscales aussi pour les parents qui gardent eux-mêmes leurs enfants";;; ;
Bezirk Sarine/Saane;;;;;;;Volksinitiative "Familieninitiative: Steuerabzüge auch für Eltern, die ihre Kinder selber betreuen";;; ;
Commune;Electeurs;Bull. Rent.;Bull. blancs;Bull. nuls;Bull. val.;Participat.;Oui;Non;Oui;Non ;
Gemeinde;Stimmber.;eing. Stzt.;leere Stzt.;ung. Stzt.;gültige Stzt.;Stimmbet.;Ja;Nein;Ja;Nein;
;
Arconciel;553;320;4;0;316;57.87%;103;213;32.59%;67.41% ;
Autafond;53;36;0;0;36;67.92%;8;28;22.22%;77.78% ;
Autigny;534;282;3;1;278;52.81%;107;171;38.49%;61.51% ;
Avry;1'187;692;11;1;680;58.30%;250;430;36.76%;63.24% ;
Belfaux;1'710;890;21;0;869;52.05%;294;575;33.83%;66.17% ;
Chénens;464;220;4;0;216;47.41%;110;106;50.93%;49.07% ;
Chésopelloz;88;40;0;0;40;45.45%;21;19;52.50%;47.50% ;
Corminboeuf;1'539;980;13;9;958;63.68%;292;666;30.48%;69.52% ;
Corpataux-Magnedens;808;457;4;2;451;56.56%;179;272;39.69%;60.31% ;
Corserey;263;149;3;0;146;56.65%;72;74;49.32%;50.68% ;
Cottens;870;503;5;0;498;57.82%;184;314;36.95%;63.05% ;
Ependes;755;442;7;0;435;58.54%;182;253;41.84%;58.16% ;
Farvagny;1'406;693;10;0;683;49.29%;279;404;40.85%;59.15% ;
Ferpicloz;194;101;2;0;99;52.06%;46;53;46.46%;53.54% ;
Fribourg/Freiburg;20'052;10'745;203;5;10'537;53.59%;3'310;7'227;31.41%;68.59% ;
Givisiez;1'686;876;26;2;848;51.96%;281;567;33.14%;66.86% ;
Granges-Paccot;1'710;747;11;0;736;43.68%;268;468;36.41%;63.59% ;
Grolley;1'189;655;13;0;642;55.09%;240;402;37.38%;62.62% ;
Hauterive;1'537;839;16;12;811;54.59%;289;522;35.64%;64.36% ;
La Brillaz;1'199;625;8;0;617;52.13%;252;365;40.84%;59.16% ;
La Sonnaz;693;373;7;0;366;53.82%;148;218;40.44%;59.56% ;
Le Glèbe;814;549;13;0;536;67.44%;274;262;51.12%;48.88% ;
Le Mouret;2'097;1'025;11;1;1'013;48.88%;413;600;40.77%;59.23% ;
Marly;4'773;2'632;27;5;2'600;55.14%;860;1'740;33.08%;66.92% ;
Matran;1'019;552;7;3;542;54.17%;173;369;31.92%;68.08% ;
Neyruz;1'535;910;12;4;894;59.28%;327;567;36.58%;63.42% ;
Noréaz;424;231;4;6;221;54.48%;81;140;36.65%;63.35% ;
Pierrafortscha;99;55;1;0;54;55.56%;23;31;42.59%;57.41% ;
Ponthaux;465;220;2;0;218;47.31%;47;171;21.56%;78.44% ;
Prez-vers-Noréaz;644;322;5;0;317;50.00%;106;211;33.44%;66.56% ;
Rossens;869;534;5;2;527;61.45%;200;327;37.95%;62.05% ;
Senèdes;108;74;2;0;72;68.52%;37;35;51.39%;48.61% ;
Treyvaux;991;598;11;4;583;60.34%;226;357;38.77%;61.23% ;
Villarsel-sur-Marly;54;43;2;0;41;79.63%;16;25;39.02%;60.98% ;
Villars-sur-Glâne;6'442;3'636;47;54;3'535;56.44%;1'099;2'436;31.09%;68.91% ;
Vuisternens-en-Ogoz;546;284;5;0;279;52.01%;117;162;41.94%;58.06% ;
Total;59'370;32'330;525;111;31'694;54.46%;10'914;20'780;34.44%;65.56% ;
;
;
District de : Sarine/Saane;;;;;;;Modification de la loi sur la vignette autoroutière;;; ;
Bezirk Sarine/Saane;;;;;;;Änderung des Nationalstrassenabgabegesetzes (Autobahnvignette);;; ;
Commune;Electeurs;Bull. Rent.;Bull. blancs;Bull. nuls;Bull. val.;Participat.;Oui;Non;Oui;Non ;
Gemeinde;Stimmber.;eing. Stzt.;leere Stzt.;ung. Stzt.;gültige Stzt.;Stimmbet.;Ja;Nein;Ja;Nein;
;
Arconciel;553;321;0;0;321;58.05%;83;238;25.86%;74.14% ;
Autafond;53;36;0;0;36;67.92%;10;26;27.78%;72.22% ;
Autigny;534;282;2;1;279;52.81%;79;200;28.32%;71.68% ;
Avry;1'187;696;9;0;687;58.64%;217;470;31.59%;68.41% ;
Belfaux;1'710;891;12;1;878;52.11%;298;580;33.94%;66.06% ;
Chénens;464;220;1;0;219;47.41%;60;159;27.40%;72.60% ;
Chésopelloz;88;40;1;0;39;45.45%;8;31;20.51%;79.49% ;
Corminboeuf;1'539;983;16;9;958;63.87%;300;658;31.32%;68.68% ;
Corpataux-Magnedens;808;457;7;0;450;56.56%;111;339;24.67%;75.33% ;
Corserey;263;149;3;0;146;56.65%;31;115;21.23%;78.77% ;
Cottens;870;505;8;0;497;58.05%;111;386;22.33%;77.67% ;
Ependes;755;444;8;0;436;58.81%;125;311;28.67%;71.33% ;
Farvagny;1'406;693;7;0;686;49.29%;170;516;24.78%;75.22% ;
Ferpicloz;194;101;0;0;101;52.06%;29;72;28.71%;71.29% ;
Fribourg/Freiburg;20'052;10'745;215;67;10'463;53.59%;4'415;6'048;42.20%;57.80% ;
Givisiez;1'686;884;9;3;872;52.43%;262;610;30.05%;69.95% ;
Granges-Paccot;1'710;747;5;0;742;43.68%;225;517;30.32%;69.68% ;
Grolley;1'189;655;1;0;654;55.09%;131;523;20.03%;79.97% ;
Hauterive;1'537;842;6;3;833;54.78%;219;614;26.29%;73.71% ;
La Brillaz;1'199;627;8;0;619;52.29%;174;445;28.11%;71.89% ;
La Sonnaz;693;376;7;0;369;54.26%;106;263;28.73%;71.27% ;
Le Glèbe;814;551;8;0;543;67.69%;106;437;19.52%;80.48% ;
Le Mouret;2'097;1'027;7;1;1'019;48.97%;273;746;26.79%;73.21% ;
Marly;4'773;2'635;20;10;2'605;55.21%;843;1'762;32.36%;67.64% ;
Matran;1'019;556;4;2;550;54.56%;154;396;28.00%;72.00% ;
Neyruz;1'535;910;12;2;896;59.28%;275;621;30.69%;69.31% ;
Noréaz;424;233;2;6;225;54.95%;50;175;22.22%;77.78% ;
Pierrafortscha;99;55;0;0;55;55.56%;12;43;21.82%;78.18% ;
Ponthaux;465;220;1;0;219;47.31%;87;132;39.73%;60.27% ;
Prez-vers-Noréaz;644;333;2;0;331;51.71%;73;258;22.05%;77.95% ;
Rossens;869;535;3;0;532;61.57%;132;400;24.81%;75.19% ;
Senèdes;108;74;0;0;74;68.52%;15;59;20.27%;79.73% ;
Treyvaux;991;598;9;5;584;60.34%;143;441;24.49%;75.51% ;
Villarsel-sur-Marly;54;43;0;0;43;79.63%;15;28;34.88%;65.12% ;
Villars-sur-Glâne;6'442;3'643;37;46;3'560;56.55%;1'349;2'211;37.89%;62.11% ;
Vuisternens-en-Ogoz;546;288;0;0;288;52.75%;82;206;28.47%;71.53% ;
Total;59'370;32'395;430;156;31'809;54.56%;10'773;21'036;33.87%;66.13% ;
;
;
District de : Sense/Singine;;;;;;;Initiative populaire "1:12-Pour des salaires équitables";;; ;
Bezirk Sense/Singine;;;;;;;Volksinitiative "1:12-Für gerechte Löhne";;; ;
Commune;Electeurs;Bull. Rent.;Bull. blancs;Bull. nuls;Bull. val.;Participat.;Oui;Non;Oui;Non ;
Gemeinde;Stimmber.;eing. Stzt.;leere Stzt.;ung. Stzt.;gültige Stzt.;Stimmbet.;Ja;Nein;Ja;Nein;
;
Alterswil;1'537;793;1;0;792;51.59%;319;473;40.28%;59.72% ;
Bösingen;2'505;1'393;4;0;1'389;55.61%;437;952;31.46%;68.54% ;
Brünisried;512;270;3;0;267;52.73%;103;164;38.58%;61.42% ;
Düdingen;5'607;2'926;18;0;2'908;52.18%;1'013;1'895;34.83%;65.17% ;
Giffers;1'093;553;2;3;548;50.59%;218;330;39.78%;60.22% ;
Heitenried;1'081;558;3;1;554;51.62%;168;386;30.32%;69.68% ;
Oberschrot;870;404;2;0;402;46.44%;174;228;43.28%;56.72% ;
Plaffeien;1'474;688;4;3;681;46.68%;291;390;42.73%;57.27% ;
Plasselb;755;407;4;0;403;53.91%;158;245;39.21%;60.79% ;
Rechthalten;849;437;3;0;434;51.47%;177;257;40.78%;59.22% ;
Schmitten;2'829;1'570;10;0;1'560;55.50%;610;950;39.10%;60.90% ;
St. Antoni;1'512;803;7;0;796;53.11%;330;466;41.46%;58.54% ;
St. Silvester;739;369;2;0;367;49.93%;154;213;41.96%;58.04% ;
St. Ursen;986;506;2;0;504;51.32%;193;311;38.29%;61.71% ;
Tafers;2'260;1'220;7;0;1'213;53.98%;420;793;34.62%;65.38% ;
Tentlingen;911;448;2;0;446;49.18%;158;288;35.43%;64.57% ;
Ueberstorf;1'836;916;3;0;913;49.89%;343;570;37.57%;62.43% ;
Wünnewil-Flamatt;3'652;1'792;6;15;1'771;49.07%;680;1'091;38.40%;61.60% ;
Zumholz;331;176;4;0;172;53.17%;69;103;40.12%;59.88% ;
Total;31'339;16'229;87;22;16'120;51.79%;6'015;10'105;37.31%;62.69% ;
;
;
District de : Sense/Singine;;;;;;;Initiative populaire "Initiative pour les familles: déductions fiscales aussi pour les parents qui gardent eux-mêmes leurs enfants";;; ;
Bezirk Sense/Singine;;;;;;;Volksinitiative "Familieninitiative: Steuerabzüge auch für Eltern, die ihre Kinder selber betreuen";;; ;
Commune;Electeurs;Bull. Rent.;Bull. blancs;Bull. nuls;Bull. val.;Participat.;Oui;Non;Oui;Non ;
Gemeinde;Stimmber.;eing. Stzt.;leere Stzt.;ung. Stzt.;gültige Stzt.;Stimmbet.;Ja;Nein;Ja;Nein;
;
Alterswil;1'537;797;8;0;789;51.85%;377;412;47.78%;52.22% ;
Bösingen;2'505;1'397;10;2;1'385;55.77%;611;774;44.12%;55.88% ;
Brünisried;512;270;4;0;266;52.73%;146;120;54.89%;45.11% ;
Düdingen;5'607;2'927;33;0;2'894;52.20%;1'217;1'677;42.05%;57.95% ;
Giffers;1'093;556;1;4;551;50.87%;270;281;49.00%;51.00% ;
Heitenried;1'081;559;2;0;557;51.71%;268;289;48.11%;51.89% ;
Oberschrot;870;411;1;0;410;47.24%;251;159;61.22%;38.78% ;
Plaffeien;1'474;689;8;3;678;46.74%;404;274;59.59%;40.41% ;
Plasselb;755;408;0;1;407;54.04%;234;173;57.49%;42.51% ;
Rechthalten;849;435;2;0;433;51.24%;215;218;49.65%;50.35% ;
Schmitten;2'829;1'567;10;0;1'557;55.39%;703;854;45.15%;54.85% ;
St. Antoni;1'512;799;4;0;795;52.84%;464;331;58.36%;41.64% ;
St. Silvester;739;366;3;0;363;49.53%;221;142;60.88%;39.12% ;
St. Ursen;986;509;4;0;505;51.62%;215;290;42.57%;57.43% ;
Tafers;2'260;1'219;8;0;1'211;53.94%;494;717;40.79%;59.21% ;
Tentlingen;911;448;9;0;439;49.18%;225;214;51.25%;48.75% ;
Ueberstorf;1'836;913;4;0;909;49.73%;415;494;45.65%;54.35% ;
Wünnewil-Flamatt;3'652;1'791;27;15;1'749;49.04%;766;983;43.80%;56.20% ;
Zumholz;331;176;2;0;174;53.17%;89;85;51.15%;48.85% ;
Total;31'339;16'237;140;25;16'072;51.81%;7'585;8'487;47.19%;52.81% ;
;
;
District de : Sense/Singine;;;;;;;Modification de la loi sur la vignette autoroutière;;; ;
Bezirk Sense/Singine;;;;;;;Änderung des Nationalstrassenabgabegesetzes (Autobahnvignette);;; ;
Commune;Electeurs;Bull. Rent.;Bull. blancs;Bull. nuls;Bull. val.;Participat.;Oui;Non;Oui;Non ;
Gemeinde;Stimmber.;eing. Stzt.;leere Stzt.;ung. Stzt.;gültige Stzt.;Stimmbet.;Ja;Nein;Ja;Nein;
;
Alterswil;1'537;801;2;2;797;52.11%;217;580;27.23%;72.77% ;
Bösingen;2'505;1'398;4;1;1'393;55.81%;474;919;34.03%;65.97% ;
Brünisried;512;270;1;0;269;52.73%;59;210;21.93%;78.07% ;
Düdingen;5'607;2'927;17;0;2'910;52.20%;1'066;1'844;36.63%;63.37% ;
Giffers;1'093;556;1;3;552;50.87%;125;427;22.64%;77.36% ;
Heitenried;1'081;559;1;0;558;51.71%;189;369;33.87%;66.13% ;
Oberschrot;870;410;4;0;406;47.13%;91;315;22.41%;77.59% ;
Plaffeien;1'474;693;4;3;686;47.01%;164;522;23.91%;76.09% ;
Plasselb;755;407;2;0;405;53.91%;77;328;19.01%;80.99% ;
Rechthalten;849;436;3;0;433;51.35%;132;301;30.48%;69.52% ;
Schmitten;2'829;1'579;2;0;1'577;55.81%;587;990;37.22%;62.78% ;
St. Antoni;1'512;784;5;0;779;51.85%;224;555;28.75%;71.25% ;
St. Silvester;739;371;0;1;370;50.20%;62;308;16.76%;83.24% ;
St. Ursen;986;508;3;0;505;51.52%;197;308;39.01%;60.99% ;
Tafers;2'260;1'224;6;3;1'215;54.16%;443;772;36.46%;63.54% ;
Tentlingen;911;445;2;0;443;48.85%;109;334;24.60%;75.40% ;
Ueberstorf;1'836;920;4;0;916;50.11%;266;650;29.04%;70.96% ;
Wünnewil-Flamatt;3'652;1'794;10;15;1'769;49.12%;564;1'205;31.88%;68.12% ;
Zumholz;331;176;0;0;176;53.17%;37;139;21.02%;78.98% ;
Total;31'339;16'258;71;28;16'159;51.88%;5'083;11'076;31.46%;68.54% ;
;
;
District de : Gruyère/Greyerz;;;;;;;Initiative populaire "1:12-Pour des salaires équitables";;; ;
Bezirk Gruyère/Greyerz;;;;;;;Volksinitiative "1:12-Für gerechte Löhne";;; ;
Commune;Electeurs;Bull. Rent.;Bull. blancs;Bull. nuls;Bull. val.;Participat.;Oui;Non;Oui;Non ;
Gemeinde;Stimmber.;eing. Stzt.;leere Stzt.;ung. Stzt.;gültige Stzt.;Stimmbet.;Ja;Nein;Ja;Nein;
;
Bas-Intyamon;804;405;5;5;395;50.37%;135;260;34.18%;65.82% ;
Botterens;347;206;3;0;203;59.37%;63;140;31.03%;68.97% ;
Broc;1'425;727;10;3;714;51.02%;253;461;35.43%;64.57% ;
Bulle;10'726;5'031;63;51;4'917;46.90%;1'657;3'260;33.70%;66.30% ;
Cerniat;269;164;1;3;160;60.97%;58;102;36.25%;63.75% ;
Charmey;1'350;778;2;2;774;57.63%;235;539;30.36%;69.64% ;
Châtel-sur-Montsalvens;157;96;1;0;95;61.15%;36;59;37.89%;62.11% ;
Corbières;535;275;6;0;269;51.40%;86;183;31.97%;68.03% ;
Crésuz;216;132;1;1;130;61.11%;48;82;36.92%;63.08% ;
Echarlens;498;280;1;0;279;56.22%;87;192;31.18%;68.82% ;
Grandvillard;524;299;4;6;289;57.06%;89;200;30.80%;69.20% ;
Gruyères;1'284;674;8;0;666;52.49%;254;412;38.14%;61.86% ;
Hauteville;399;212;2;1;209;53.13%;64;145;30.62%;69.38% ;
Haut-Intyamon;1'002;533;4;2;527;53.19%;171;356;32.45%;67.55% ;
Jaun;505;267;4;1;262;52.87%;74;188;28.24%;71.76% ;
La Roche;1'021;508;7;1;500;49.76%;180;320;36.00%;64.00% ;
Le Pâquier;731;445;6;0;439;60.88%;160;279;36.45%;63.55% ;
Marsens;1'095;563;9;1;553;51.42%;190;363;34.36%;65.64% ;
Morlon;393;215;2;1;212;54.71%;62;150;29.25%;70.75% ;
Pont-en-Ogoz;1'167;607;3;2;602;52.01%;247;355;41.03%;58.97% ;
Pont-la-Ville;390;211;2;1;208;54.10%;64;144;30.77%;69.23% ;
Riaz;1'471;819;15;0;804;55.68%;301;503;37.44%;62.56% ;
Sâles;990;559;10;0;549;56.46%;182;367;33.15%;66.85% ;
Sorens;717;408;4;3;401;56.90%;173;228;43.14%;56.86% ;
Vaulruz;710;409;6;0;403;57.61%;143;260;35.48%;64.52% ;
Vuadens;1'439;754;15;0;739;52.40%;232;507;31.39%;68.61% ;
Total;30'165;15'577;194;84;15'299;51.64%;5'244;10'055;34.28%;65.72% ;
;
;
District de : Gruyère/Greyerz;;;;;;;Initiative populaire "Initiative pour les familles: déductions fiscales aussi pour les parents qui gardent eux-mêmes leurs enfants";;; ;
Bezirk Gruyère/Greyerz;;;;;;;Volksinitiative "Familieninitiative: Steuerabzüge auch für Eltern, die ihre Kinder selber betreuen";;; ;
Commune;Electeurs;Bull. Rent.;Bull. blancs;Bull. nuls;Bull. val.;Participat.;Oui;Non;Oui;Non ;
Gemeinde;Stimmber.;eing. Stzt.;leere Stzt.;ung. Stzt.;gültige Stzt.;Stimmbet.;Ja;Nein;Ja;Nein;
;
Bas-Intyamon;804;405;7;4;394;50.37%;156;238;39.59%;60.41% ;
Botterens;347;206;5;0;201;59.37%;97;104;48.26%;51.74% ;
Broc;1'425;725;3;2;720;50.88%;293;427;40.69%;59.31% ;
Bulle;10'726;5'434;71;51;5'312;50.66%;1'994;3'318;37.54%;62.46% ;
Cerniat;269;164;4;3;157;60.97%;90;67;57.32%;42.68% ;
Charmey;1'350;776;4;3;769;57.48%;348;421;45.25%;54.75% ;
Châtel-sur-Montsalvens;157;97;0;0;97;61.78%;41;56;42.27%;57.73% ;
Corbières;535;276;2;0;274;51.59%;112;162;40.88%;59.12% ;
Crésuz;216;132;2;1;129;61.11%;54;75;41.86%;58.14% ;
Echarlens;498;280;0;2;278;56.22%;110;168;39.57%;60.43% ;
Grandvillard;524;296;2;6;288;56.49%;121;167;42.01%;57.99% ;
Gruyères;1'284;677;11;0;666;52.73%;274;392;41.14%;58.86% ;
Hauteville;399;212;2;1;209;53.13%;91;118;43.54%;56.46% ;
Haut-Intyamon;1'002;533;6;2;525;53.19%;212;313;40.38%;59.62% ;
Jaun;505;266;2;1;263;52.67%;157;106;59.70%;40.30% ;
La Roche;1'021;507;9;7;491;49.66%;240;251;48.88%;51.12% ;
Le Pâquier;731;443;2;0;441;60.60%;193;248;43.76%;56.24% ;
Marsens;1'095;564;10;1;553;51.51%;218;335;39.42%;60.58% ;
Morlon;393;215;2;0;213;54.71%;76;137;35.68%;64.32% ;
Pont-en-Ogoz;1'167;606;4;2;600;51.93%;225;375;37.50%;62.50% ;
Pont-la-Ville;390;211;2;1;208;54.10%;90;118;43.27%;56.73% ;
Riaz;1'471;819;21;0;798;55.68%;309;489;38.72%;61.28% ;
Sâles;990;559;16;1;542;56.46%;250;292;46.13%;53.87% ;
Sorens;717;402;2;3;397;56.07%;175;222;44.08%;55.92% ;
Vaulruz;710;410;6;0;404;57.75%;169;235;41.83%;58.17% ;
Vuadens;1'439;754;17;0;737;52.40%;314;423;42.61%;57.39% ;
Total;30'165;15'969;212;91;15'666;52.94%;6'409;9'257;40.91%;59.09% ;
;
;
District de : Gruyère/Greyerz;;;;;;;Modification de la loi sur la vignette autoroutière;;; ;
Bezirk Gruyère/Greyerz;;;;;;;Änderung des Nationalstrassenabgabegesetzes (Autobahnvignette);;; ;
Commune;Electeurs;Bull. Rent.;Bull. blancs;Bull. nuls;Bull. val.;Participat.;Oui;Non;Oui;Non ;
Gemeinde;Stimmber.;eing. Stzt.;leere Stzt.;ung. Stzt.;gültige Stzt.;Stimmbet.;Ja;Nein;Ja;Nein;
;
Bas-Intyamon;804;407;2;4;401;50.62%;112;289;27.93%;72.07% ;
Botterens;347;208;1;0;207;59.94%;30;177;14.49%;85.51% ;
Broc;1'425;723;6;1;716;50.74%;169;547;23.60%;76.40% ;
Bulle;10'726;5'257;50;51;5'156;49.01%;1'566;3'590;30.37%;69.63% ;
Cerniat;269;164;2;3;159;60.97%;57;102;35.85%;64.15% ;
Charmey;1'350;780;4;3;773;57.78%;231;542;29.88%;70.12% ;
Châtel-sur-Montsalvens;157;97;1;0;96;61.78%;25;71;26.04%;73.96% ;
Corbières;535;274;2;0;272;51.21%;58;214;21.32%;78.68% ;
Crésuz;216;132;1;1;130;61.11%;42;88;32.31%;67.69% ;
Echarlens;498;280;0;1;279;56.22%;76;203;27.24%;72.76% ;
Grandvillard;524;299;2;6;291;57.06%;75;216;25.77%;74.23% ;
Gruyères;1'284;678;10;0;668;52.80%;210;458;31.44%;68.56% ;
Hauteville;399;212;1;1;210;53.13%;65;145;30.95%;69.05% ;
Haut-Intyamon;1'002;533;3;3;527;53.19%;147;380;27.89%;72.11% ;
Jaun;505;266;4;1;261;52.67%;69;192;26.44%;73.56% ;
La Roche;1'021;511;4;1;506;50.05%;86;420;17.00%;83.00% ;
Le Pâquier;731;445;10;0;435;60.88%;135;300;31.03%;68.97% ;
Marsens;1'095;566;3;1;562;51.69%;146;416;25.98%;74.02% ;
Morlon;393;215;0;0;215;54.71%;65;150;30.23%;69.77% ;
Pont-en-Ogoz;1'167;608;6;4;598;52.10%;149;449;24.92%;75.08% ;
Pont-la-Ville;390;211;1;1;209;54.10%;53;156;25.36%;74.64% ;
Riaz;1'471;819;6;0;813;55.68%;205;608;25.22%;74.78% ;
Sâles;990;561;4;1;556;56.67%;151;405;27.16%;72.84% ;
Sorens;717;408;1;3;404;56.90%;84;320;20.79%;79.21% ;
Vaulruz;710;410;5;0;405;57.75%;79;326;19.51%;80.49% ;
Vuadens;1'439;755;4;0;751;52.47%;171;580;22.77%;77.23% ;
Total;30'165;15'819;133;86;15'600;52.44%;4'256;11'344;27.28%;72.72% ;
;
;
District de : See/Lac;;;;;;;Initiative populaire "1:12-Pour des salaires équitables";;; ;
Bezirk See/Lac;;;;;;;Volksinitiative "1:12-Für gerechte Löhne";;; ;
Commune;Electeurs;Bull. Rent.;Bull. blancs;Bull. nuls;Bull. val.;Participat.;Oui;Non;Oui;Non ;
Gemeinde;Stimmber.;eing. Stzt.;leere Stzt.;ung. Stzt.;gültige Stzt.;Stimmbet.;Ja;Nein;Ja;Nein;
;
Barberêche;372;175;2;0;173;47.04%;75;98;43.35%;56.65% ;
Bas-Vully;1'319;720;9;0;711;54.59%;251;460;35.30%;64.70% ;
Courgevaux;791;411;4;1;406;51.96%;144;262;35.47%;64.53% ;
Courlevon;233;116;0;0;116;49.79%;44;72;37.93%;62.07% ;
Courtepin;1'554;786;9;0;777;50.58%;347;430;44.66%;55.34% ;
Cressier;517;308;3;1;304;59.57%;135;169;44.41%;55.59% ;
Fräschels;351;226;0;3;223;64.39%;74;149;33.18%;66.82% ;
Galmiz;439;225;1;0;224;51.25%;81;143;36.16%;63.84% ;
Gempenach;217;123;1;0;122;56.68%;41;81;33.61%;66.39% ;
Greng;126;84;0;0;84;66.67%;12;72;14.29%;85.71% ;
Gurmels;2'916;1'471;9;0;1'462;50.45%;517;945;35.36%;64.64% ;
Haut-Vully;1'015;625;5;0;620;61.58%;164;456;26.45%;73.55% ;
Jeuss;294;191;1;0;190;64.97%;56;134;29.47%;70.53% ;
Kerzers;3'048;1'588;5;3;1'580;52.10%;517;1'063;32.72%;67.28% ;
Kleinbösingen;464;259;1;0;258;55.82%;104;154;40.31%;59.69% ;
Lurtigen;145;87;0;0;87;60.00%;29;58;33.33%;66.67% ;
Meyriez;437;274;2;0;272;62.70%;65;207;23.90%;76.10% ;
Misery-Courtion;1'044;509;8;5;496;48.75%;186;310;37.50%;62.50% ;
Muntelier;700;424;3;0;421;60.57%;108;313;25.65%;74.35% ;
Murten/Morat;4'195;2'376;14;2;2'360;56.64%;802;1'558;33.98%;66.02% ;
Ried bei Kerzers;693;430;2;0;428;62.05%;147;281;34.35%;65.65% ;
Salvenach;389;217;5;0;212;55.78%;67;145;31.60%;68.40% ;
Ulmiz;297;183;0;0;183;61.62%;60;123;32.79%;67.21% ;
Villarepos;423;226;5;0;221;53.43%;87;134;39.37%;60.63% ;
Wallenried;322;165;3;3;159;51.24%;63;96;39.62%;60.38% ;
Total;22'301;12'199;92;18;12'089;54.70%;4'176;7'913;34.54%;65.46% ;
;
;
District de : See/Lac;;;;;;;Initiative populaire "Initiative pour les familles: déductions fiscales aussi pour les parents qui gardent eux-mêmes leurs enfants";;; ;
Bezirk See/Lac;;;;;;;Volksinitiative "Familieninitiative: Steuerabzüge auch für Eltern, die ihre Kinder selber betreuen";;; ;
Commune;Electeurs;Bull. Rent.;Bull. blancs;Bull. nuls;Bull. val.;Participat.;Oui;Non;Oui;Non ;
Gemeinde;Stimmber.;eing. Stzt.;leere Stzt.;ung. Stzt.;gültige Stzt.;Stimmbet.;Ja;Nein;Ja;Nein;
;
Barberêche;372;174;1;0;173;46.77%;82;91;47.40%;52.60% ;
Bas-Vully;1'319;718;7;0;711;54.44%;249;462;35.02%;64.98% ;
Courgevaux;791;410;0;1;409;51.83%;187;222;45.72%;54.28% ;
Courlevon;233;116;0;0;116;49.79%;62;54;53.45%;46.55% ;
Courtepin;1'554;785;11;0;774;50.51%;373;401;48.19%;51.81% ;
Cressier;517;309;4;1;304;59.77%;105;199;34.54%;65.46% ;
Fräschels;351;225;0;3;222;64.10%;112;110;50.45%;49.55% ;
Galmiz;439;226;2;0;224;51.48%;107;117;47.77%;52.23% ;
Gempenach;217;122;2;0;120;56.22%;64;56;53.33%;46.67% ;
Greng;126;84;0;0;84;66.67%;34;50;40.48%;59.52% ;
Gurmels;2'916;1'471;10;0;1'461;50.45%;693;768;47.43%;52.57% ;
Haut-Vully;1'015;625;4;1;620;61.58%;230;390;37.10%;62.90% ;
Jeuss;294;191;1;0;190;64.97%;86;104;45.26%;54.74% ;
Kerzers;3'048;1'584;5;4;1'575;51.97%;733;842;46.54%;53.46% ;
Kleinbösingen;464;258;1;2;255;55.60%;112;143;43.92%;56.08% ;
Lurtigen;145;88;0;0;88;60.69%;45;43;51.14%;48.86% ;
Meyriez;437;274;1;0;273;62.70%;95;178;34.80%;65.20% ;
Misery-Courtion;1'044;509;11;5;493;48.75%;227;266;46.04%;53.96% ;
Muntelier;700;425;4;0;421;60.71%;130;291;30.88%;69.12% ;
Murten/Morat;4'195;2'378;24;2;2'352;56.69%;937;1'415;39.84%;60.16% ;
Ried bei Kerzers;693;430;6;0;424;62.05%;213;211;50.24%;49.76% ;
Salvenach;389;216;3;0;213;55.53%;109;104;51.17%;48.83% ;
Ulmiz;297;182;2;0;180;61.28%;90;90;50.00%;50.00% ;
Villarepos;423;226;4;0;222;53.43%;109;113;49.10%;50.90% ;
Wallenried;322;165;3;3;159;51.24%;93;66;58.49%;41.51% ;
Total;22'301;12'191;106;22;12'063;54.67%;5'277;6'786;43.75%;56.25% ;
;
;
District de : See/Lac;;;;;;;Modification de la loi sur la vignette autoroutière;;; ;
Bezirk See/Lac;;;;;;;Änderung des Nationalstrassenabgabegesetzes (Autobahnvignette);;; ;
Commune;Electeurs;Bull. Rent.;Bull. blancs;Bull. nuls;Bull. val.;Participat.;Oui;Non;Oui;Non ;
Gemeinde;Stimmber.;eing. Stzt.;leere Stzt.;ung. Stzt.;gültige Stzt.;Stimmbet.;Ja;Nein;Ja;Nein;
;
Barberêche;372;175;1;0;174;47.04%;56;118;32.18%;67.82% ;
Bas-Vully;1'319;723;4;0;719;54.81%;271;448;37.69%;62.31% ;
Courgevaux;791;412;1;0;411;52.09%;126;285;30.66%;69.34% ;
Courlevon;233;116;1;0;115;49.79%;34;81;29.57%;70.43% ;
Courtepin;1'554;786;3;0;783;50.58%;240;543;30.65%;69.35% ;
Cressier;517;310;2;1;307;59.96%;98;209;31.92%;68.08% ;
Fräschels;351;227;1;3;223;64.67%;87;136;39.01%;60.99% ;
Galmiz;439;229;1;0;228;52.16%;70;158;30.70%;69.30% ;
Gempenach;217;123;0;0;123;56.68%;18;105;14.63%;85.37% ;
Greng;126;84;0;0;84;66.67%;25;59;29.76%;70.24% ;
Gurmels;2'916;1'470;8;0;1'462;50.41%;421;1'041;28.80%;71.20% ;
Haut-Vully;1'015;625;2;1;622;61.58%;210;412;33.76%;66.24% ;
Jeuss;294;191;3;0;188;64.97%;63;125;33.51%;66.49% ;
Kerzers;3'048;1'591;5;3;1'583;52.20%;602;981;38.03%;61.97% ;
Kleinbösingen;464;259;1;0;258;55.82%;59;199;22.87%;77.13% ;
Lurtigen;145;88;0;0;88;60.69%;26;62;29.55%;70.45% ;
Meyriez;437;274;0;0;274;62.70%;133;141;48.54%;51.46% ;
Misery-Courtion;1'044;509;2;5;502;48.75%;107;395;21.31%;78.69% ;
Muntelier;700;424;3;0;421;60.57%;182;239;43.23%;56.77% ;
Murten/Morat;4'195;2'375;23;2;2'350;56.62%;992;1'358;42.21%;57.79% ;
Ried bei Kerzers;693;430;2;0;428;62.05%;133;295;31.07%;68.93% ;
Salvenach;389;218;4;0;214;56.04%;73;141;34.11%;65.89% ;
Ulmiz;297;183;0;0;183;61.62%;50;133;27.32%;72.68% ;
Villarepos;423;227;1;1;225;53.66%;65;160;28.89%;71.11% ;
Wallenried;322;166;0;3;163;51.55%;50;113;30.67%;69.33% ;
Total;22'301;12'215;68;19;12'128;54.77%;4'191;7'937;34.56%;65.44% ;
;
;
District de : Glâne/Glane;;;;;;;Initiative populaire "1:12-Pour des salaires équitables";;; ;
Bezirk Glâne/Glane;;;;;;;Volksinitiative "1:12-Für gerechte Löhne";;; ;
Commune;Electeurs;Bull. Rent.;Bull. blancs;Bull. nuls;Bull. val.;Participat.;Oui;Non;Oui;Non ;
Gemeinde;Stimmber.;eing. Stzt.;leere Stzt.;ung. Stzt.;gültige Stzt.;Stimmbet.;Ja;Nein;Ja;Nein;
;
Auboranges;180;116;2;0;114;64.44%;44;70;38.60%;61.40% ;
Billens-Hennens;467;254;4;0;250;54.39%;94;156;37.60%;62.40% ;
Chapelle (Glâne);174;94;0;0;94;54.02%;37;57;39.36%;60.64% ;
Châtonnaye;497;271;6;0;265;54.53%;109;156;41.13%;58.87% ;
Ecublens;232;126;2;3;121;54.31%;44;77;36.36%;63.64% ;
Grangettes;130;76;0;0;76;58.46%;25;51;32.89%;67.11% ;
La Folliaz;654;347;1;1;345;53.06%;131;214;37.97%;62.03% ;
Le Châtelard;268;128;2;1;125;47.76%;36;89;28.80%;71.20% ;
Massonnens;331;198;2;0;196;59.82%;78;118;39.80%;60.20% ;
Mézières;695;376;3;3;370;54.10%;119;251;32.16%;67.84% ;
Montet (Glâne);254;137;1;2;134;53.94%;52;82;38.81%;61.19% ;
Romont;2'443;1'232;7;6;1'219;50.43%;456;763;37.41%;62.59% ;
Rue;983;447;7;0;440;45.47%;182;258;41.36%;58.64% ;
Siviriez;1'481;730;14;7;709;49.29%;251;458;35.40%;64.60% ;
Torny;602;289;1;4;284;48.01%;118;166;41.55%;58.45% ;
Ursy;1'746;878;10;0;868;50.29%;352;516;40.55%;59.45% ;
Villaz-Saint-Pierre;754;377;1;0;376;50.00%;139;237;36.97%;63.03% ;
Villorsonnens;890;483;15;3;465;54.27%;189;276;40.65%;59.35% ;
Vuisternens-devant-Romont;1'485;755;3;4;748;50.84%;266;482;35.56%;64.44% ;
Total;14'266;7'314;81;34;7'199;51.27%;2'722;4'477;37.81%;62.19% ;
;
;
District de : Glâne/Glane;;;;;;;Initiative populaire "Initiative pour les familles: déductions fiscales aussi pour les parents qui gardent eux-mêmes leurs enfants";;; ;
Bezirk Glâne/Glane;;;;;;;Volksinitiative "Familieninitiative: Steuerabzüge auch für Eltern, die ihre Kinder selber betreuen";;; ;
Commune;Electeurs;Bull. Rent.;Bull. blancs;Bull. nuls;Bull. val.;Participat.;Oui;Non;Oui;Non ;
Gemeinde;Stimmber.;eing. Stzt.;leere Stzt.;ung. Stzt.;gültige Stzt.;Stimmbet.;Ja;Nein;Ja;Nein;
;
Auboranges;180;117;2;0;115;65.00%;55;60;47.83%;52.17% ;
Billens-Hennens;467;253;3;0;250;54.18%;103;147;41.20%;58.80% ;
Chapelle (Glâne);174;94;2;0;92;54.02%;42;50;45.65%;54.35% ;
Châtonnaye;497;271;4;0;267;54.53%;124;143;46.44%;53.56% ;
Ecublens;232;124;1;2;121;53.45%;46;75;38.02%;61.98% ;
Grangettes;130;76;1;0;75;58.46%;38;37;50.67%;49.33% ;
La Folliaz;654;347;4;6;337;53.06%;140;197;41.54%;58.46% ;
Le Châtelard;268;128;0;1;127;47.76%;56;71;44.09%;55.91% ;
Massonnens;331;200;5;0;195;60.42%;108;87;55.38%;44.62% ;
Mézières;695;380;3;7;370;54.68%;143;227;38.65%;61.35% ;
Montet (Glâne);254;136;2;1;133;53.54%;66;67;49.62%;50.38% ;
Romont;2'443;1'232;9;3;1'220;50.43%;473;747;38.77%;61.23% ;
Rue;983;450;12;0;438;45.78%;188;250;42.92%;57.08% ;
Siviriez;1'481;729;10;2;717;49.22%;309;408;43.10%;56.90% ;
Torny;602;288;4;4;280;47.84%;123;157;43.93%;56.07% ;
Ursy;1'746;877;20;0;857;50.23%;393;464;45.86%;54.14% ;
Villaz-Saint-Pierre;754;387;4;0;383;51.33%;210;173;54.83%;45.17% ;
Villorsonnens;890;483;12;2;469;54.27%;229;240;48.83%;51.17% ;
Vuisternens-devant-Romont;1'485;752;11;4;737;50.64%;344;393;46.68%;53.32% ;
Total;14'266;7'324;109;32;7'183;51.34%;3'190;3'993;44.41%;55.59% ;
;
;
District de : Glâne/Glane;;;;;;;Modification de la loi sur la vignette autoroutière;;; ;
Bezirk Glâne/Glane;;;;;;;Änderung des Nationalstrassenabgabegesetzes (Autobahnvignette);;; ;
Commune;Electeurs;Bull. Rent.;Bull. blancs;Bull. nuls;Bull. val.;Participat.;Oui;Non;Oui;Non ;
Gemeinde;Stimmber.;eing. Stzt.;leere Stzt.;ung. Stzt.;gültige Stzt.;Stimmbet.;Ja;Nein;Ja;Nein;
;
Auboranges;180;118;0;2;116;65.56%;24;92;20.69%;79.31% ;
Billens-Hennens;467;253;1;0;252;54.18%;67;185;26.59%;73.41% ;
Chapelle (Glâne);174;94;0;0;94;54.02%;29;65;30.85%;69.15% ;
Châtonnaye;497;271;1;0;270;54.53%;72;198;26.67%;73.33% ;
Ecublens;232;125;2;1;122;53.88%;30;92;24.59%;75.41% ;
Grangettes;130;77;0;0;77;59.23%;17;60;22.08%;77.92% ;
La Folliaz;654;347;2;0;345;53.06%;99;246;28.70%;71.30% ;
Le Châtelard;268;128;0;1;127;47.76%;32;95;25.20%;74.80% ;
Massonnens;331;200;0;0;200;60.42%;37;163;18.50%;81.50% ;
Mézières;695;381;2;1;378;54.82%;76;302;20.11%;79.89% ;
Montet (Glâne);254;137;1;1;135;53.94%;17;118;12.59%;87.41% ;
Romont;2'443;1'237;7;1;1'229;50.63%;371;858;30.19%;69.81% ;
Rue;983;450;6;0;444;45.78%;89;355;20.05%;79.95% ;
Siviriez;1'481;730;7;0;723;49.29%;182;541;25.17%;74.83% ;
Torny;602;289;5;4;280;48.01%;68;212;24.29%;75.71% ;
Ursy;1'746;885;5;0;880;50.69%;185;695;21.02%;78.98% ;
Villaz-Saint-Pierre;754;384;3;0;381;50.93%;115;266;30.18%;69.82% ;
Villorsonnens;890;483;3;2;478;54.27%;109;369;22.80%;77.20% ;
Vuisternens-devant-Romont;1'485;756;3;6;747;50.91%;177;570;23.69%;76.31% ;
Total;14'266;7'345;48;19;7'278;51.49%;1'796;5'482;24.68%;75.32% ;
;
;
District de : Broye/Broye;;;;;;;Initiative populaire "1:12-Pour des salaires équitables";;; ;
Bezirk Broye/Broye;;;;;;;Volksinitiative "1:12-Für gerechte Löhne";;; ;
Commune;Electeurs;Bull. Rent.;Bull. blancs;Bull. nuls;Bull. val.;Participat.;Oui;Non;Oui;Non ;
Gemeinde;Stimmber.;eing. Stzt.;leere Stzt.;ung. Stzt.;gültige Stzt.;Stimmbet.;Ja;Nein;Ja;Nein;
;
Bussy;282;149;3;0;146;52.84%;43;103;29.45%;70.55% ;
Châbles;475;296;0;2;294;62.32%;122;172;41.50%;58.50% ;
Châtillon;282;190;2;3;185;67.38%;80;105;43.24%;56.76% ;
Cheiry;274;146;1;1;144;53.28%;71;73;49.31%;50.69% ;
Cheyres;927;519;2;3;514;55.99%;196;318;38.13%;61.87% ;
Cugy;1'010;562;2;1;559;55.64%;183;376;32.74%;67.26% ;
Delley-Portalban;742;388;5;0;383;52.29%;138;245;36.03%;63.97% ;
Domdidier;1'757;980;8;11;961;55.78%;368;593;38.29%;61.71% ;
Dompierre;544;248;10;1;237;45.59%;82;155;34.60%;65.40% ;
Estavayer-le-Lac;3'530;1'713;17;6;1'690;48.53%;623;1'067;36.86%;63.14% ;
Fétigny;572;316;4;1;311;55.24%;107;204;34.41%;65.59% ;
Gletterens;642;371;1;2;368;57.79%;136;232;36.96%;63.04% ;
Léchelles;460;264;2;0;262;57.39%;103;159;39.31%;60.69% ;
Les Montets;879;483;5;2;476;54.95%;214;262;44.96%;55.04% ;
Lully;650;374;5;3;366;57.54%;155;211;42.35%;57.65% ;
Ménières;223;123;1;3;119;55.16%;35;84;29.41%;70.59% ;
Montagny;1'537;799;10;0;789;51.98%;331;458;41.95%;58.05% ;
Morens;96;56;0;0;56;58.33%;25;31;44.64%;55.36% ;
Murist;426;231;5;0;226;54.23%;100;126;44.25%;55.75% ;
Nuvilly;274;145;0;2;143;52.92%;66;77;46.15%;53.85% ;
Prévondavaux;43;24;0;0;24;55.81%;9;15;37.50%;62.50% ;
Rueyres-les-Prés;259;154;2;4;148;59.46%;48;100;32.43%;67.57% ;
Russy;174;98;0;2;96;56.32%;38;58;39.58%;60.42% ;
Saint-Aubin;978;566;7;1;558;57.87%;176;382;31.54%;68.46% ;
Sévaz;152;94;1;0;93;61.84%;39;54;41.94%;58.06% ;
Surpierre;244;132;0;0;132;54.10%;59;73;44.70%;55.30% ;
Vallon;255;143;2;0;141;56.08%;69;72;48.94%;51.06% ;
Vernay;739;410;3;2;405;55.48%;182;223;44.94%;55.06% ;
Villeneuve;243;134;0;1;133;55.14%;56;77;42.11%;57.89% ;
Vuissens;148;85;0;1;84;57.43%;23;61;27.38%;72.62% ;
Total;18'817;10'193;98;52;10'043;54.17%;3'877;6'166;38.60%;61.40% ;
;
;
District de : Broye/Broye;;;;;;;Initiative populaire "Initiative pour les familles: déductions fiscales aussi pour les parents qui gardent eux-mêmes leurs enfants";;; ;
Bezirk Broye/Broye;;;;;;;Volksinitiative "Familieninitiative: Steuerabzüge auch für Eltern, die ihre Kinder selber betreuen";;; ;
Commune;Electeurs;Bull. Rent.;Bull. blancs;Bull. nuls;Bull. val.;Participat.;Oui;Non;Oui;Non ;
Gemeinde;Stimmber.;eing. Stzt.;leere Stzt.;ung. Stzt.;gültige Stzt.;Stimmbet.;Ja;Nein;Ja;Nein;
;
Bussy;282;149;5;2;142;52.84%;64;78;45.07%;54.93% ;
Châbles;475;297;2;2;293;62.53%;138;155;47.10%;52.90% ;
Châtillon;282;190;3;4;183;67.38%;73;110;39.89%;60.11% ;
Cheiry;274;146;1;3;142;53.28%;67;75;47.18%;52.82% ;
Cheyres;927;519;3;3;513;55.99%;204;309;39.77%;60.23% ;
Cugy;1'010;563;4;0;559;55.74%;215;344;38.46%;61.54% ;
Delley-Portalban;742;386;6;0;380;52.02%;177;203;46.58%;53.42% ;
Domdidier;1'757;961;8;20;933;54.70%;386;547;41.37%;58.63% ;
Dompierre;544;248;4;1;243;45.59%;114;129;46.91%;53.09% ;
Estavayer-le-Lac;3'530;1'709;21;8;1'680;48.41%;631;1'049;37.56%;62.44% ;
Fétigny;572;314;7;0;307;54.90%;124;183;40.39%;59.61% ;
Gletterens;642;371;2;2;367;57.79%;148;219;40.33%;59.67% ;
Léchelles;460;265;2;0;263;57.61%;120;143;45.63%;54.37% ;
Les Montets;879;481;5;2;474;54.72%;238;236;50.21%;49.79% ;
Lully;650;370;6;3;361;56.92%;170;191;47.09%;52.91% ;
Ménières;223;123;1;3;119;55.16%;53;66;44.54%;55.46% ;
Montagny;1'537;798;10;0;788;51.92%;350;438;44.42%;55.58% ;
Morens;96;56;0;0;56;58.33%;37;19;66.07%;33.93% ;
Murist;426;231;5;0;226;54.23%;95;131;42.04%;57.96% ;
Nuvilly;274;145;3;2;140;52.92%;61;79;43.57%;56.43% ;
Prévondavaux;43;24;0;0;24;55.81%;12;12;50.00%;50.00% ;
Rueyres-les-Prés;259;152;3;4;145;58.69%;50;95;34.48%;65.52% ;
Russy;174;98;1;2;95;56.32%;45;50;47.37%;52.63% ;
Saint-Aubin;978;567;5;0;562;57.98%;229;333;40.75%;59.25% ;
Sévaz;152;94;0;0;94;61.84%;38;56;40.43%;59.57% ;
Surpierre;244;132;1;0;131;54.10%;67;64;51.15%;48.85% ;
Vallon;255;143;2;0;141;56.08%;70;71;49.65%;50.35% ;
Vernay;739;410;2;0;408;55.48%;160;248;39.22%;60.78% ;
Villeneuve;243;133;0;0;133;54.73%;65;68;48.87%;51.13% ;
Vuissens;148;85;3;0;82;57.43%;38;44;46.34%;53.66% ;
Total;18'817;10'160;115;61;9'984;53.99%;4'239;5'745;42.46%;57.54% ;
;
;
District de : Broye/Broye;;;;;;;Modification de la loi sur la vignette autoroutière;;; ;
Bezirk Broye/Broye;;;;;;;Änderung des Nationalstrassenabgabegesetzes (Autobahnvignette);;; ;
Commune;Electeurs;Bull. Rent.;Bull. blancs;Bull. nuls;Bull. val.;Participat.;Oui;Non;Oui;Non ;
Gemeinde;Stimmber.;eing. Stzt.;leere Stzt.;ung. Stzt.;gültige Stzt.;Stimmbet.;Ja;Nein;Ja;Nein;
;
Bussy;282;149;1;0;148;52.84%;54;94;36.49%;63.51% ;
Châbles;475;297;1;0;296;62.53%;71;225;23.99%;76.01% ;
Châtillon;282;190;2;3;185;67.38%;49;136;26.49%;73.51% ;
Cheiry;274;146;0;1;145;53.28%;21;124;14.48%;85.52% ;
Cheyres;927;518;3;1;514;55.88%;133;381;25.88%;74.12% ;
Cugy;1'010;567;1;0;566;56.14%;125;441;22.08%;77.92% ;
Delley-Portalban;742;386;4;0;382;52.02%;98;284;25.65%;74.35% ;
Domdidier;1'757;973;8;9;956;55.38%;218;738;22.80%;77.20% ;
Dompierre;544;248;1;1;246;45.59%;44;202;17.89%;82.11% ;
Estavayer-le-Lac;3'530;1'717;12;8;1'697;48.64%;475;1'222;27.99%;72.01% ;
Fétigny;572;316;2;0;314;55.24%;73;241;23.25%;76.75% ;
Gletterens;642;371;3;1;367;57.79%;96;271;26.16%;73.84% ;
Léchelles;460;264;0;0;264;57.39%;70;194;26.52%;73.48% ;
Les Montets;879;483;1;2;480;54.95%;112;368;23.33%;76.67% ;
Lully;650;373;3;3;367;57.38%;86;281;23.43%;76.57% ;
Ménières;223;123;1;3;119;55.16%;28;91;23.53%;76.47% ;
Montagny;1'537;800;5;0;795;52.05%;171;624;21.51%;78.49% ;
Morens;96;56;1;0;55;58.33%;8;47;14.55%;85.45% ;
Murist;426;231;2;0;229;54.23%;41;188;17.90%;82.10% ;
Nuvilly;274;145;0;2;143;52.92%;36;107;25.17%;74.83% ;
Prévondavaux;43;24;0;0;24;55.81%;3;21;12.50%;87.50% ;
Rueyres-les-Prés;259;155;2;4;149;59.85%;27;122;18.12%;81.88% ;
Russy;174;98;1;2;95;56.32%;14;81;14.74%;85.26% ;
Saint-Aubin;978;569;2;0;567;58.18%;158;409;27.87%;72.13% ;
Sévaz;152;95;0;0;95;62.50%;18;77;18.95%;81.05% ;
Surpierre;244;132;1;0;131;54.10%;16;115;12.21%;87.79% ;
Vallon;255;143;1;0;142;56.08%;27;115;19.01%;80.99% ;
Vernay;739;412;4;2;406;55.75%;100;306;24.63%;75.37% ;
Villeneuve;243;135;0;1;134;55.56%;35;99;26.12%;73.88% ;
Vuissens;148;85;0;1;84;57.43%;26;58;30.95%;69.05% ;
Total;18'817;10'201;62;44;10'095;54.21%;2'433;7'662;24.10%;75.90% ;
;
;
District de : Veveyse/Vivisbach;;;;;;;Initiative populaire "1:12-Pour des salaires équitables";;; ;
Bezirk Veveyse/Vivisbach;;;;;;;Volksinitiative "1:12-Für gerechte Löhne";;; ;
Commune;Electeurs;Bull. Rent.;Bull. blancs;Bull. nuls;Bull. val.;Participat.;Oui;Non;Oui;Non ;
Gemeinde;Stimmber.;eing. Stzt.;leere Stzt.;ung. Stzt.;gültige Stzt.;Stimmbet.;Ja;Nein;Ja;Nein;
;
Attalens;1'985;1'018;8;12;998;51.28%;361;637;36.17%;63.83% ;
Bossonnens;860;410;4;6;400;47.67%;145;255;36.25%;63.75% ;
Châtel-St-Denis;3'578;1'815;37;17;1'761;50.73%;636;1'125;36.12%;63.88% ;
Granges;536;321;4;0;317;59.89%;130;187;41.01%;58.99% ;
La Verrerie;735;382;9;2;371;51.97%;125;246;33.69%;66.31% ;
Le Flon;772;398;3;1;394;51.55%;170;224;43.15%;56.85% ;
Remaufens;620;341;3;0;338;55.00%;133;205;39.35%;60.65% ;
Saint-Martin;672;366;10;0;356;54.46%;149;207;41.85%;58.15% ;
Semsales;911;476;9;2;465;52.25%;187;278;40.22%;59.78% ;
Total;10'669;5'527;87;40;5'400;51.80%;2'036;3'364;37.70%;62.30% ;
;
;
District de : Veveyse/Vivisbach;;;;;;;Initiative populaire "Initiative pour les familles: déductions fiscales aussi pour les parents qui gardent eux-mêmes leurs enfants";;; ;
Bezirk Veveyse/Vivisbach;;;;;;;Volksinitiative "Familieninitiative: Steuerabzüge auch für Eltern, die ihre Kinder selber betreuen";;; ;
Commune;Electeurs;Bull. Rent.;Bull. blancs;Bull. nuls;Bull. val.;Participat.;Oui;Non;Oui;Non ;
Gemeinde;Stimmber.;eing. Stzt.;leere Stzt.;ung. Stzt.;gültige Stzt.;Stimmbet.;Ja;Nein;Ja;Nein;
;
Attalens;1'985;1'047;20;8;1'019;52.75%;394;625;38.67%;61.33% ;
Bossonnens;860;407;4;2;401;47.33%;151;250;37.66%;62.34% ;
Châtel-St-Denis;3'578;1'820;38;16;1'766;50.87%;697;1'069;39.47%;60.53% ;
Granges;536;315;3;0;312;58.77%;101;211;32.37%;67.63% ;
La Verrerie;735;381;8;2;371;51.84%;149;222;40.16%;59.84% ;
Le Flon;772;398;7;1;390;51.55%;169;221;43.33%;56.67% ;
Remaufens;620;342;5;0;337;55.16%;112;225;33.23%;66.77% ;
Saint-Martin;672;366;9;0;357;54.46%;154;203;43.14%;56.86% ;
Semsales;911;476;4;2;470;52.25%;201;269;42.77%;57.23% ;
Total;10'669;5'552;98;31;5'423;52.04%;2'128;3'295;39.24%;60.76% ;
;
;
District de : Veveyse/Vivisbach;;;;;;;Modification de la loi sur la vignette autoroutière;;; ;
Bezirk Veveyse/Vivisbach;;;;;;;Änderung des Nationalstrassenabgabegesetzes (Autobahnvignette);;; ;
Commune;Electeurs;Bull. Rent.;Bull. blancs;Bull. nuls;Bull. val.;Participat.;Oui;Non;Oui;Non ;
Gemeinde;Stimmber.;eing. Stzt.;leere Stzt.;ung. Stzt.;gültige Stzt.;Stimmbet.;Ja;Nein;Ja;Nein;
;
Attalens;1'985;1'053;5;9;1'039;53.05%;311;728;29.93%;70.07% ;
Bossonnens;860;409;4;0;405;47.56%;99;306;24.44%;75.56% ;
Châtel-St-Denis;3'578;1'824;18;17;1'789;50.98%;438;1'351;24.48%;75.52% ;
Granges;536;315;2;0;313;58.77%;100;213;31.95%;68.05% ;
La Verrerie;735;383;3;2;378;52.11%;84;294;22.22%;77.78% ;
Le Flon;772;398;3;1;394;51.55%;96;298;24.37%;75.63% ;
Remaufens;620;342;2;0;340;55.16%;90;250;26.47%;73.53% ;
Saint-Martin;672;367;3;0;364;54.61%;84;280;23.08%;76.92% ;
Semsales;911;477;2;2;473;52.36%;89;384;18.82%;81.18% ;
Total;10'669;5'568;42;31;5'495;52.19%;1'391;4'104;25.31%;74.69% ;
;
;
District de : Suisses et Suissesses de l'étranger/AuslandschweizerInnen;;;;;;;Initiative populaire "1:12-Pour des salaires équitables";;; ;
Bezirk Suisses et Suissesses de l'étranger/AuslandschweizerInnen;;;;;;;Volksinitiative "1:12-Für gerechte Löhne";;; ;
Commune;Electeurs;Bull. Rent.;Bull. blancs;Bull. nuls;Bull. val.;Participat.;Oui;Non;Oui;Non ;
Gemeinde;Stimmber.;eing. Stzt.;leere Stzt.;ung. Stzt.;gültige Stzt.;Stimmbet.;Ja;Nein;Ja;Nein;
;
Suisses et Suissesses de l'étranger/AuslandschweizerInnen;4'352;1'638;22;0;1'616;37.64%;821;795;50.80%;49.20% ;
Total;4'352;1'638;22;0;1'616;37.64%;821;795;50.80%;49.20% ;
;
;
District de : Suisses et Suissesses de l'étranger/AuslandschweizerInnen;;;;;;;Initiative populaire "Initiative pour les familles: déductions fiscales aussi pour les parents qui gardent eux-mêmes leurs enfants";;; ;
Bezirk Suisses et Suissesses de l'étranger/AuslandschweizerInnen;;;;;;;Volksinitiative "Familieninitiative: Steuerabzüge auch für Eltern, die ihre Kinder selber betreuen";;; ;
Commune;Electeurs;Bull. Rent.;Bull. blancs;Bull. nuls;Bull. val.;Participat.;Oui;Non;Oui;Non ;
Gemeinde;Stimmber.;eing. Stzt.;leere Stzt.;ung. Stzt.;gültige Stzt.;Stimmbet.;Ja;Nein;Ja;Nein;
;
Suisses et Suissesses de l'étranger/AuslandschweizerInnen;4'352;1'638;34;1;1'603;37.64%;703;900;43.86%;56.14% ;
Total;4'352;1'638;34;1;1'603;37.64%;703;900;43.86%;56.14% ;
;
;
District de : Suisses et Suissesses de l'étranger/AuslandschweizerInnen;;;;;;;Modification de la loi sur la vignette autoroutière;;; ;
Bezirk Suisses et Suissesses de l'étranger/AuslandschweizerInnen;;;;;;;Änderung des Nationalstrassenabgabegesetzes (Autobahnvignette);;; ;
Commune;Electeurs;Bull. Rent.;Bull. blancs;Bull. nuls;Bull. val.;Participat.;Oui;Non;Oui;Non ;
Gemeinde;Stimmber.;eing. Stzt.;leere Stzt.;ung. Stzt.;gültige Stzt.;Stimmbet.;Ja;Nein;Ja;Nein;
;
Suisses et Suissesses de l'étranger/AuslandschweizerInnen;4'352;1'638;15;0;1'623;37.64%;705;918;43.44%;56.56% ;
Total;4'352;1'638;15;0;1'623;37.64%;705;918;43.44%;56.56% ;
